dataset,config,policy_mode,selectivity,k,num_queries,num_base,dim,full_base,visible_count,visible_ratio,post_filter_recall,candidate_reference_recall,full_authorized_recall,post_filter_underfill_rate,candidate_vs_full_overlap,post_filter_vs_full_overlap,candidate_full_recall_gap,post_full_recall_gap,reference_scope
sift1m,high-acc,uniform_random,0.1,1,11,1000000,128,True,100317,0.100317,0.09090909090909091,0.2727272727272727,0.5454545454545454,0.9090909090909091,0.36363636363636365,0.09090909090909091,-0.2727272727272727,-0.4545454545454545,full_base_calibration
sift1m,high-acc,uniform_random,0.1,10,11,1000000,128,True,100317,0.100317,0.09090909090909091,0.5454545454545454,0.5454545454545454,1.0,0.4636363636363637,0.08181818181818183,0.0,-0.4545454545454545,full_base_calibration
sift1m,high-acc,uniform_random,0.1,100,11,1000000,128,True,100317,0.100317,0.5454545454545454,0.5454545454545454,0.5454545454545454,1.0,0.08636363636363636,0.08636363636363636,0.0,0.0,full_base_calibration
sift1m,high-acc,uniform_random,0.25,1,10,1000000,128,True,249631,0.249631,0.1,0.1,0.6,0.9,0.2,0.1,-0.5,-0.5,full_base_calibration
sift1m,high-acc,uniform_random,0.25,10,10,1000000,128,True,249631,0.249631,0.1,0.6,0.6,1.0,0.45999999999999996,0.22000000000000003,0.0,-0.5,full_base_calibration
sift1m,high-acc,uniform_random,0.25,100,10,1000000,128,True,249631,0.249631,0.6,0.6,0.6,1.0,0.20999999999999996,0.20999999999999996,0.0,0.0,full_base_calibration
sift1m,high-acc,uniform_random,0.5,1,15,1000000,128,True,499518,0.499518,0.2,0.2,0.9333333333333333,0.13333333333333333,0.2,0.2,-0.7333333333333334,-0.7333333333333334,full_base_calibration
sift1m,high-acc,uniform_random,0.5,10,15,1000000,128,True,499518,0.499518,0.4666666666666667,0.8,0.9333333333333333,0.6666666666666666,0.4333333333333334,0.3266666666666667,-0.1333333333333333,-0.4666666666666667,full_base_calibration
sift1m,high-acc,uniform_random,0.5,100,15,1000000,128,True,499518,0.499518,0.8666666666666667,0.8666666666666667,0.9333333333333333,1.0,0.33999999999999997,0.33999999999999997,-0.06666666666666665,-0.06666666666666665,full_base_calibration
sift1m,high-acc,uniform_random,0.75,1,15,1000000,128,True,749591,0.749591,0.26666666666666666,0.26666666666666666,0.8666666666666667,0.2,0.3333333333333333,0.3333333333333333,-0.6000000000000001,-0.6000000000000001,full_base_calibration
sift1m,high-acc,uniform_random,0.75,10,15,1000000,128,True,749591,0.749591,0.3333333333333333,0.6666666666666666,0.8666666666666667,0.6666666666666666,0.4266666666666667,0.33333333333333326,-0.20000000000000007,-0.5333333333333334,full_base_calibration
sift1m,high-acc,uniform_random,0.75,100,15,1000000,128,True,749591,0.749591,0.8,0.8,0.8666666666666667,1.0,0.42933333333333334,0.42933333333333334,-0.06666666666666665,-0.06666666666666665,full_base_calibration
sift1m,high-acc,clustered_acl,0.1,1,10,1000000,128,True,100000,0.1,0.0,0.3,0.7,1.0,0.5,0.0,-0.39999999999999997,-0.7,full_base_calibration
sift1m,high-acc,clustered_acl,0.1,10,10,1000000,128,True,100000,0.1,0.2,0.7,0.7,1.0,0.48,0.13,0.0,-0.49999999999999994,full_base_calibration
sift1m,high-acc,clustered_acl,0.1,100,10,1000000,128,True,100000,0.1,0.7,0.7,0.7,1.0,0.09899999999999999,0.09899999999999999,0.0,0.0,full_base_calibration
sift1m,high-acc,clustered_acl,0.25,1,10,1000000,128,True,250000,0.25,0.1,0.2,0.7,0.8,0.3,0.1,-0.49999999999999994,-0.6,full_base_calibration
sift1m,high-acc,clustered_acl,0.25,10,10,1000000,128,True,250000,0.25,0.2,0.7,0.7,1.0,0.45999999999999996,0.13999999999999999,0.0,-0.49999999999999994,full_base_calibration
sift1m,high-acc,clustered_acl,0.25,100,10,1000000,128,True,250000,0.25,0.7,0.7,0.7,1.0,0.209,0.209,0.0,0.0,full_base_calibration
sift1m,high-acc,clustered_acl,0.5,1,15,1000000,128,True,500000,0.5,0.2,0.2,0.8666666666666667,0.2,0.26666666666666666,0.2,-0.6666666666666667,-0.6666666666666667,full_base_calibration
sift1m,high-acc,clustered_acl,0.5,10,15,1000000,128,True,500000,0.5,0.4666666666666667,0.8,0.8666666666666667,0.6666666666666666,0.4533333333333333,0.3466666666666667,-0.06666666666666665,-0.4,full_base_calibration
sift1m,high-acc,clustered_acl,0.5,100,15,1000000,128,True,500000,0.5,0.8666666666666667,0.8666666666666667,0.8666666666666667,1.0,0.34800000000000003,0.34800000000000003,0.0,0.0,full_base_calibration
sift1m,high-acc,clustered_acl,0.75,1,15,1000000,128,True,750000,0.75,0.2,0.2,0.9333333333333333,0.26666666666666666,0.2,0.2,-0.7333333333333334,-0.7333333333333334,full_base_calibration
sift1m,high-acc,clustered_acl,0.75,10,15,1000000,128,True,750000,0.75,0.4,0.7333333333333333,0.9333333333333333,0.6666666666666666,0.36666666666666675,0.3,-0.20000000000000007,-0.5333333333333333,full_base_calibration
sift1m,high-acc,clustered_acl,0.75,100,15,1000000,128,True,750000,0.75,0.8666666666666667,0.8666666666666667,0.9333333333333333,1.0,0.42733333333333334,0.42733333333333334,-0.06666666666666665,-0.06666666666666665,full_base_calibration
sift1m,high-acc,skewed_acl,0.1,1,10,1000000,128,True,100000,0.1,0.0,0.1,0.5,0.9,0.2,0.0,-0.4,-0.5,full_base_calibration
sift1m,high-acc,skewed_acl,0.1,10,10,1000000,128,True,100000,0.1,0.0,0.5,0.5,1.0,0.44000000000000006,0.030000000000000006,0.0,-0.5,full_base_calibration
sift1m,high-acc,skewed_acl,0.1,100,10,1000000,128,True,100000,0.1,0.5,0.5,0.5,1.0,0.08499999999999999,0.08499999999999999,0.0,0.0,full_base_calibration
sift1m,high-acc,skewed_acl,0.25,1,10,1000000,128,True,250000,0.25,0.2,0.2,0.7,0.5,0.2,0.2,-0.49999999999999994,-0.49999999999999994,full_base_calibration
sift1m,high-acc,skewed_acl,0.25,10,10,1000000,128,True,250000,0.25,0.2,0.7,0.7,1.0,0.43,0.19000000000000003,0.0,-0.49999999999999994,full_base_calibration
sift1m,high-acc,skewed_acl,0.25,100,10,1000000,128,True,250000,0.25,0.7,0.7,0.7,1.0,0.187,0.187,0.0,0.0,full_base_calibration
sift1m,high-acc,skewed_acl,0.5,1,13,1000000,128,True,500000,0.5,0.23076923076923078,0.3076923076923077,0.7692307692307693,0.46153846153846156,0.38461538461538464,0.3076923076923077,-0.46153846153846156,-0.5384615384615385,full_base_calibration
sift1m,high-acc,skewed_acl,0.5,10,13,1000000,128,True,500000,0.5,0.38461538461538464,0.7692307692307693,0.7692307692307693,0.7692307692307693,0.4461538461538461,0.26153846153846155,0.0,-0.38461538461538464,full_base_calibration
sift1m,high-acc,skewed_acl,0.5,100,13,1000000,128,True,500000,0.5,0.7692307692307693,0.7692307692307693,0.7692307692307693,1.0,0.3315384615384615,0.3315384615384615,0.0,0.0,full_base_calibration
sift1m,high-acc,skewed_acl,0.75,1,15,1000000,128,True,750000,0.75,0.06666666666666667,0.13333333333333333,1.0,0.3333333333333333,0.13333333333333333,0.06666666666666667,-0.8666666666666667,-0.9333333333333333,full_base_calibration
sift1m,high-acc,skewed_acl,0.75,10,15,1000000,128,True,750000,0.75,0.5333333333333333,0.8666666666666667,1.0,0.6666666666666666,0.4000000000000001,0.36000000000000004,-0.1333333333333333,-0.4666666666666667,full_base_calibration
sift1m,high-acc,skewed_acl,0.75,100,15,1000000,128,True,750000,0.75,0.9333333333333333,0.9333333333333333,1.0,1.0,0.45533333333333326,0.45533333333333326,-0.06666666666666665,-0.06666666666666665,full_base_calibration
sift1m,zk-opt,uniform_random,0.1,1,10,1000000,128,True,100317,0.100317,0.0,0.2,0.5,1.0,0.2,0.0,-0.3,-0.5,full_base_calibration
sift1m,zk-opt,uniform_random,0.1,10,10,1000000,128,True,100317,0.100317,0.0,0.5,0.5,1.0,0.52,0.05,0.0,-0.5,full_base_calibration
sift1m,zk-opt,uniform_random,0.1,100,10,1000000,128,True,100317,0.100317,0.5,0.5,0.5,1.0,0.10499999999999998,0.10499999999999998,0.0,0.0,full_base_calibration
sift1m,zk-opt,uniform_random,0.25,1,10,1000000,128,True,249631,0.249631,0.0,0.1,0.7,0.8,0.1,0.0,-0.6,-0.7,full_base_calibration
sift1m,zk-opt,uniform_random,0.25,10,10,1000000,128,True,249631,0.249631,0.1,0.6,0.7,1.0,0.38999999999999996,0.18,-0.09999999999999998,-0.6,full_base_calibration
sift1m,zk-opt,uniform_random,0.25,100,10,1000000,128,True,249631,0.249631,0.7,0.7,0.7,1.0,0.19699999999999998,0.19699999999999998,0.0,0.0,full_base_calibration
sift1m,zk-opt,uniform_random,0.5,1,15,1000000,128,True,499518,0.499518,0.2,0.2,0.7333333333333333,0.3333333333333333,0.26666666666666666,0.2,-0.5333333333333332,-0.5333333333333332,full_base_calibration
sift1m,zk-opt,uniform_random,0.5,10,15,1000000,128,True,499518,0.499518,0.4,0.7333333333333333,0.8,0.6666666666666666,0.44,0.29333333333333333,-0.06666666666666676,-0.4,full_base_calibration
sift1m,zk-opt,uniform_random,0.5,100,15,1000000,128,True,499518,0.499518,0.7333333333333333,0.7333333333333333,0.8,1.0,0.33999999999999997,0.33999999999999997,-0.06666666666666676,-0.06666666666666676,full_base_calibration
sift1m,zk-opt,uniform_random,0.75,1,15,1000000,128,True,749591,0.749591,0.2,0.2,0.8666666666666667,0.2,0.2,0.2,-0.6666666666666667,-0.6666666666666667,full_base_calibration
sift1m,zk-opt,uniform_random,0.75,10,15,1000000,128,True,749591,0.749591,0.4,0.7333333333333333,0.8666666666666667,0.6666666666666666,0.3933333333333333,0.3466666666666667,-0.13333333333333341,-0.4666666666666667,full_base_calibration
sift1m,zk-opt,uniform_random,0.75,100,15,1000000,128,True,749591,0.749591,0.8,0.8,0.8666666666666667,1.0,0.36266666666666675,0.36266666666666675,-0.06666666666666665,-0.06666666666666665,full_base_calibration
sift1m,zk-opt,clustered_acl,0.1,1,11,1000000,128,True,100000,0.1,0.0,0.0,0.45454545454545453,0.9090909090909091,0.0,0.0,-0.45454545454545453,-0.45454545454545453,full_base_calibration
sift1m,zk-opt,clustered_acl,0.1,10,11,1000000,128,True,100000,0.1,0.0,0.45454545454545453,0.45454545454545453,1.0,0.3727272727272727,0.03636363636363637,0.0,-0.45454545454545453,full_base_calibration
sift1m,zk-opt,clustered_acl,0.1,100,11,1000000,128,True,100000,0.1,0.45454545454545453,0.45454545454545453,0.45454545454545453,1.0,0.06363636363636363,0.06363636363636363,0.0,0.0,full_base_calibration
sift1m,zk-opt,clustered_acl,0.25,1,10,1000000,128,True,250000,0.25,0.1,0.1,0.6,0.5,0.2,0.2,-0.5,-0.5,full_base_calibration
sift1m,zk-opt,clustered_acl,0.25,10,10,1000000,128,True,250000,0.25,0.1,0.6,0.6,1.0,0.41999999999999993,0.15000000000000002,0.0,-0.5,full_base_calibration
sift1m,zk-opt,clustered_acl,0.25,100,10,1000000,128,True,250000,0.25,0.6,0.6,0.6,1.0,0.20099999999999998,0.20099999999999998,0.0,0.0,full_base_calibration
sift1m,zk-opt,clustered_acl,0.5,1,15,1000000,128,True,500000,0.5,0.13333333333333333,0.13333333333333333,0.7333333333333333,0.3333333333333333,0.13333333333333333,0.13333333333333333,-0.6,-0.6,full_base_calibration
sift1m,zk-opt,clustered_acl,0.5,10,15,1000000,128,True,500000,0.5,0.3333333333333333,0.6666666666666666,0.7333333333333333,0.6666666666666666,0.45333333333333325,0.31333333333333335,-0.06666666666666665,-0.39999999999999997,full_base_calibration
sift1m,zk-opt,clustered_acl,0.5,100,15,1000000,128,True,500000,0.5,0.6666666666666666,0.6666666666666666,0.7333333333333333,1.0,0.3133333333333334,0.3133333333333334,-0.06666666666666665,-0.06666666666666665,full_base_calibration
sift1m,zk-opt,clustered_acl,0.75,1,15,1000000,128,True,750000,0.75,0.13333333333333333,0.2,0.9333333333333333,0.4,0.2,0.13333333333333333,-0.7333333333333334,-0.8,full_base_calibration
sift1m,zk-opt,clustered_acl,0.75,10,15,1000000,128,True,750000,0.75,0.4666666666666667,0.8,1.0,0.6666666666666666,0.38,0.32666666666666677,-0.19999999999999996,-0.5333333333333333,full_base_calibration
sift1m,zk-opt,clustered_acl,0.75,100,15,1000000,128,True,750000,0.75,0.9333333333333333,0.9333333333333333,1.0,1.0,0.382,0.382,-0.06666666666666665,-0.06666666666666665,full_base_calibration
sift1m,zk-opt,skewed_acl,0.1,1,10,1000000,128,True,100000,0.1,0.1,0.2,0.6,0.7,0.2,0.1,-0.39999999999999997,-0.5,full_base_calibration
sift1m,zk-opt,skewed_acl,0.1,10,10,1000000,128,True,100000,0.1,0.1,0.6,0.6,1.0,0.49000000000000005,0.11000000000000001,0.0,-0.5,full_base_calibration
sift1m,zk-opt,skewed_acl,0.1,100,10,1000000,128,True,100000,0.1,0.6,0.6,0.6,1.0,0.10200000000000001,0.10200000000000001,0.0,0.0,full_base_calibration
sift1m,zk-opt,skewed_acl,0.25,1,10,1000000,128,True,250000,0.25,0.1,0.1,0.8,0.7,0.1,0.1,-0.7000000000000001,-0.7000000000000001,full_base_calibration
sift1m,zk-opt,skewed_acl,0.25,10,10,1000000,128,True,250000,0.25,0.2,0.7,0.8,1.0,0.33999999999999997,0.10999999999999999,-0.10000000000000009,-0.6000000000000001,full_base_calibration
sift1m,zk-opt,skewed_acl,0.25,100,10,1000000,128,True,250000,0.25,0.7,0.7,0.8,1.0,0.17999999999999997,0.17999999999999997,-0.10000000000000009,-0.10000000000000009,full_base_calibration
sift1m,zk-opt,skewed_acl,0.5,1,15,1000000,128,True,500000,0.5,0.13333333333333333,0.13333333333333333,0.8666666666666667,0.26666666666666666,0.2,0.13333333333333333,-0.7333333333333334,-0.7333333333333334,full_base_calibration
sift1m,zk-opt,skewed_acl,0.5,10,15,1000000,128,True,500000,0.5,0.26666666666666666,0.6,0.8666666666666667,0.6666666666666666,0.44666666666666666,0.3466666666666667,-0.2666666666666667,-0.6000000000000001,full_base_calibration
sift1m,zk-opt,skewed_acl,0.5,100,15,1000000,128,True,500000,0.5,0.6666666666666666,0.6666666666666666,0.8666666666666667,1.0,0.3180000000000001,0.3180000000000001,-0.20000000000000007,-0.20000000000000007,full_base_calibration
sift1m,zk-opt,skewed_acl,0.75,1,15,1000000,128,True,750000,0.75,0.13333333333333333,0.13333333333333333,0.8666666666666667,0.2,0.2,0.2,-0.7333333333333334,-0.7333333333333334,full_base_calibration
sift1m,zk-opt,skewed_acl,0.75,10,15,1000000,128,True,750000,0.75,0.4,0.7333333333333333,0.8666666666666667,0.6666666666666666,0.3533333333333334,0.29333333333333333,-0.13333333333333341,-0.4666666666666667,full_base_calibration
sift1m,zk-opt,skewed_acl,0.75,100,15,1000000,128,True,750000,0.75,0.7333333333333333,0.7333333333333333,0.8666666666666667,1.0,0.37466666666666676,0.37466666666666676,-0.13333333333333341,-0.13333333333333341,full_base_calibration
gist1m,high-acc,uniform_random,0.1,1,10,1000000,960,True,100260,0.10026,0.0,0.1,0.7,1.0,0.2,0.0,-0.6,-0.7,full_base_calibration
gist1m,high-acc,uniform_random,0.1,10,10,1000000,960,True,100260,0.10026,0.0,0.5,0.7,1.0,0.21000000000000002,0.02,-0.19999999999999996,-0.7,full_base_calibration
gist1m,high-acc,uniform_random,0.1,100,10,1000000,960,True,100260,0.10026,0.5,0.5,0.7,1.0,0.06600000000000002,0.06600000000000002,-0.19999999999999996,-0.19999999999999996,full_base_calibration
gist1m,high-acc,uniform_random,0.25,1,10,1000000,960,True,249512,0.249512,0.0,0.0,0.7,0.8,0.0,0.0,-0.7,-0.7,full_base_calibration
gist1m,high-acc,uniform_random,0.25,10,10,1000000,960,True,249512,0.249512,0.0,0.5,0.7,1.0,0.13,0.02,-0.19999999999999996,-0.7,full_base_calibration
gist1m,high-acc,uniform_random,0.25,100,10,1000000,960,True,249512,0.249512,0.5,0.5,0.7,1.0,0.073,0.073,-0.19999999999999996,-0.19999999999999996,full_base_calibration
gist1m,high-acc,uniform_random,0.5,1,11,1000000,960,True,500412,0.500412,0.0,0.0,0.7272727272727273,0.45454545454545453,0.0,0.0,-0.7272727272727273,-0.7272727272727273,full_base_calibration
gist1m,high-acc,uniform_random,0.5,10,11,1000000,960,True,500412,0.500412,0.09090909090909091,0.5454545454545454,0.7272727272727273,0.9090909090909091,0.2090909090909091,0.0909090909090909,-0.18181818181818188,-0.6363636363636364,full_base_calibration
gist1m,high-acc,uniform_random,0.5,100,11,1000000,960,True,500412,0.500412,0.6363636363636364,0.6363636363636364,0.7272727272727273,1.0,0.12272727272727274,0.12272727272727274,-0.09090909090909094,-0.09090909090909094,full_base_calibration
gist1m,high-acc,uniform_random,0.75,1,15,1000000,960,True,750353,0.750353,0.0,0.0,0.7333333333333333,0.2,0.06666666666666667,0.06666666666666667,-0.7333333333333333,-0.7333333333333333,full_base_calibration
gist1m,high-acc,uniform_random,0.75,10,15,1000000,960,True,750353,0.750353,0.2,0.5333333333333333,0.8,0.6666666666666666,0.18000000000000002,0.14,-0.2666666666666667,-0.6000000000000001,full_base_calibration
gist1m,high-acc,uniform_random,0.75,100,15,1000000,960,True,750353,0.750353,0.6666666666666666,0.6666666666666666,0.8,1.0,0.18533333333333335,0.18533333333333335,-0.13333333333333341,-0.13333333333333341,full_base_calibration
gist1m,high-acc,clustered_acl,0.1,1,10,1000000,960,True,100000,0.1,0.0,0.1,0.6,0.9,0.2,0.0,-0.5,-0.6,full_base_calibration
gist1m,high-acc,clustered_acl,0.1,10,10,1000000,960,True,100000,0.1,0.0,0.5,0.6,1.0,0.2,0.02,-0.09999999999999998,-0.6,full_base_calibration
gist1m,high-acc,clustered_acl,0.1,100,10,1000000,960,True,100000,0.1,0.6,0.6,0.6,1.0,0.054000000000000006,0.054000000000000006,0.0,0.0,full_base_calibration
gist1m,high-acc,clustered_acl,0.25,1,10,1000000,960,True,250000,0.25,0.0,0.0,0.5,0.8,0.0,0.0,-0.5,-0.5,full_base_calibration
gist1m,high-acc,clustered_acl,0.25,10,10,1000000,960,True,250000,0.25,0.0,0.5,0.5,1.0,0.20999999999999996,0.06000000000000001,0.0,-0.5,full_base_calibration
gist1m,high-acc,clustered_acl,0.25,100,10,1000000,960,True,250000,0.25,0.5,0.5,0.5,1.0,0.10999999999999999,0.10999999999999999,0.0,0.0,full_base_calibration
gist1m,high-acc,clustered_acl,0.5,1,10,1000000,960,True,500000,0.5,0.0,0.0,0.8,0.7,0.0,0.0,-0.8,-0.8,full_base_calibration
gist1m,high-acc,clustered_acl,0.5,10,10,1000000,960,True,500000,0.5,0.0,0.5,0.8,1.0,0.2,0.10999999999999999,-0.30000000000000004,-0.8,full_base_calibration
gist1m,high-acc,clustered_acl,0.5,100,10,1000000,960,True,500000,0.5,0.6,0.6,0.8,1.0,0.189,0.189,-0.20000000000000007,-0.20000000000000007,full_base_calibration
gist1m,high-acc,clustered_acl,0.75,1,15,1000000,960,True,750000,0.75,0.13333333333333333,0.13333333333333333,0.9333333333333333,0.13333333333333333,0.13333333333333333,0.13333333333333333,-0.8,-0.8,full_base_calibration
gist1m,high-acc,clustered_acl,0.75,10,15,1000000,960,True,750000,0.75,0.2,0.5333333333333333,0.9333333333333333,0.6666666666666666,0.15333333333333335,0.10666666666666667,-0.4,-0.7333333333333334,full_base_calibration
gist1m,high-acc,clustered_acl,0.75,100,15,1000000,960,True,750000,0.75,0.6,0.6,0.9333333333333333,1.0,0.16666666666666663,0.16666666666666663,-0.33333333333333337,-0.33333333333333337,full_base_calibration
gist1m,high-acc,skewed_acl,0.1,1,10,1000000,960,True,100000,0.1,0.0,0.0,0.5,1.0,0.1,0.0,-0.5,-0.5,full_base_calibration
gist1m,high-acc,skewed_acl,0.1,10,10,1000000,960,True,100000,0.1,0.0,0.5,0.5,1.0,0.15000000000000002,0.01,0.0,-0.5,full_base_calibration
gist1m,high-acc,skewed_acl,0.1,100,10,1000000,960,True,100000,0.1,0.5,0.5,0.5,1.0,0.046,0.046,0.0,0.0,full_base_calibration
gist1m,high-acc,skewed_acl,0.25,1,10,1000000,960,True,250000,0.25,0.1,0.1,0.7,0.9,0.1,0.1,-0.6,-0.6,full_base_calibration
gist1m,high-acc,skewed_acl,0.25,10,10,1000000,960,True,250000,0.25,0.1,0.6,0.7,1.0,0.23000000000000004,0.08,-0.09999999999999998,-0.6,full_base_calibration
gist1m,high-acc,skewed_acl,0.25,100,10,1000000,960,True,250000,0.25,0.7,0.7,0.7,1.0,0.11499999999999999,0.11499999999999999,0.0,0.0,full_base_calibration
gist1m,high-acc,skewed_acl,0.5,1,11,1000000,960,True,500000,0.5,0.09090909090909091,0.09090909090909091,0.6363636363636364,0.45454545454545453,0.09090909090909091,0.09090909090909091,-0.5454545454545454,-0.5454545454545454,full_base_calibration
gist1m,high-acc,skewed_acl,0.5,10,11,1000000,960,True,500000,0.5,0.09090909090909091,0.5454545454545454,0.6363636363636364,0.9090909090909091,0.19090909090909092,0.10909090909090909,-0.09090909090909094,-0.5454545454545454,full_base_calibration
gist1m,high-acc,skewed_acl,0.5,100,11,1000000,960,True,500000,0.5,0.5454545454545454,0.5454545454545454,0.6363636363636364,1.0,0.15727272727272726,0.15727272727272726,-0.09090909090909094,-0.09090909090909094,full_base_calibration
gist1m,high-acc,skewed_acl,0.75,1,15,1000000,960,True,750000,0.75,0.0,0.0,0.8,0.0,0.0,0.0,-0.8,-0.8,full_base_calibration
gist1m,high-acc,skewed_acl,0.75,10,15,1000000,960,True,750000,0.75,0.2,0.5333333333333333,0.8666666666666667,0.6666666666666666,0.12000000000000001,0.08,-0.33333333333333337,-0.6666666666666667,full_base_calibration
gist1m,high-acc,skewed_acl,0.75,100,15,1000000,960,True,750000,0.75,0.6666666666666666,0.6666666666666666,0.8666666666666667,1.0,0.17600000000000005,0.17600000000000005,-0.20000000000000007,-0.20000000000000007,full_base_calibration
gist1m,zk-opt,uniform_random,0.1,1,10,1000000,960,True,100260,0.10026,0.0,0.0,0.5,0.6,0.1,0.1,-0.5,-0.5,full_base_calibration
gist1m,zk-opt,uniform_random,0.1,10,10,1000000,960,True,100260,0.10026,0.0,0.5,0.5,1.0,0.21000000000000005,0.06,0.0,-0.5,full_base_calibration
gist1m,zk-opt,uniform_random,0.1,100,10,1000000,960,True,100260,0.10026,0.5,0.5,0.5,1.0,0.06400000000000002,0.06400000000000002,0.0,0.0,full_base_calibration
gist1m,zk-opt,uniform_random,0.25,1,10,1000000,960,True,249512,0.249512,0.0,0.0,0.6,0.9,0.0,0.0,-0.6,-0.6,full_base_calibration
gist1m,zk-opt,uniform_random,0.25,10,10,1000000,960,True,249512,0.249512,0.0,0.5,0.6,1.0,0.17,0.02,-0.09999999999999998,-0.6,full_base_calibration
gist1m,zk-opt,uniform_random,0.25,100,10,1000000,960,True,249512,0.249512,0.5,0.5,0.6,1.0,0.09900000000000002,0.09900000000000002,-0.09999999999999998,-0.09999999999999998,full_base_calibration
gist1m,zk-opt,uniform_random,0.5,1,10,1000000,960,True,500412,0.500412,0.0,0.0,0.8,0.4,0.0,0.0,-0.8,-0.8,full_base_calibration
gist1m,zk-opt,uniform_random,0.5,10,10,1000000,960,True,500412,0.500412,0.1,0.6,0.8,1.0,0.13,0.06000000000000001,-0.20000000000000007,-0.7000000000000001,full_base_calibration
gist1m,zk-opt,uniform_random,0.5,100,10,1000000,960,True,500412,0.500412,0.6,0.6,0.8,1.0,0.154,0.154,-0.20000000000000007,-0.20000000000000007,full_base_calibration
gist1m,zk-opt,uniform_random,0.75,1,15,1000000,960,True,750353,0.750353,0.13333333333333333,0.13333333333333333,0.8,0.13333333333333333,0.13333333333333333,0.13333333333333333,-0.6666666666666667,-0.6666666666666667,full_base_calibration
gist1m,zk-opt,uniform_random,0.75,10,15,1000000,960,True,750353,0.750353,0.2,0.5333333333333333,0.8,0.6666666666666666,0.14,0.10666666666666667,-0.2666666666666667,-0.6000000000000001,full_base_calibration
gist1m,zk-opt,uniform_random,0.75,100,15,1000000,960,True,750353,0.750353,0.7333333333333333,0.7333333333333333,0.8,1.0,0.15733333333333335,0.15733333333333335,-0.06666666666666676,-0.06666666666666676,full_base_calibration
gist1m,zk-opt,clustered_acl,0.1,1,10,1000000,960,True,100000,0.1,0.0,0.0,0.5,0.9,0.0,0.0,-0.5,-0.5,full_base_calibration
gist1m,zk-opt,clustered_acl,0.1,10,10,1000000,960,True,100000,0.1,0.0,0.5,0.5,1.0,0.23000000000000004,0.05,0.0,-0.5,full_base_calibration
gist1m,zk-opt,clustered_acl,0.1,100,10,1000000,960,True,100000,0.1,0.5,0.5,0.5,1.0,0.068,0.068,0.0,0.0,full_base_calibration
gist1m,zk-opt,clustered_acl,0.25,1,10,1000000,960,True,250000,0.25,0.0,0.0,0.5,0.6,0.1,0.0,-0.5,-0.5,full_base_calibration
gist1m,zk-opt,clustered_acl,0.25,10,10,1000000,960,True,250000,0.25,0.0,0.5,0.5,1.0,0.11000000000000001,0.030000000000000006,0.0,-0.5,full_base_calibration
gist1m,zk-opt,clustered_acl,0.25,100,10,1000000,960,True,250000,0.25,0.5,0.5,0.5,1.0,0.08199999999999999,0.08199999999999999,0.0,0.0,full_base_calibration
gist1m,zk-opt,clustered_acl,0.5,1,10,1000000,960,True,500000,0.5,0.0,0.0,0.7,0.5,0.1,0.0,-0.7,-0.7,full_base_calibration
gist1m,zk-opt,clustered_acl,0.5,10,10,1000000,960,True,500000,0.5,0.0,0.5,0.7,1.0,0.18,0.06,-0.19999999999999996,-0.7,full_base_calibration
gist1m,zk-opt,clustered_acl,0.5,100,10,1000000,960,True,500000,0.5,0.7,0.7,0.7,1.0,0.13000000000000003,0.13000000000000003,0.0,0.0,full_base_calibration
gist1m,zk-opt,clustered_acl,0.75,1,15,1000000,960,True,750000,0.75,0.0,0.06666666666666667,0.8666666666666667,0.26666666666666666,0.06666666666666667,0.0,-0.8,-0.8666666666666667,full_base_calibration
gist1m,zk-opt,clustered_acl,0.75,10,15,1000000,960,True,750000,0.75,0.06666666666666667,0.4,0.8666666666666667,0.6666666666666666,0.12000000000000001,0.08,-0.4666666666666667,-0.8,full_base_calibration
gist1m,zk-opt,clustered_acl,0.75,100,15,1000000,960,True,750000,0.75,0.6,0.6,0.8666666666666667,1.0,0.10733333333333332,0.10733333333333332,-0.2666666666666667,-0.2666666666666667,full_base_calibration
gist1m,zk-opt,skewed_acl,0.1,1,10,1000000,960,True,100000,0.1,0.0,0.0,0.5,0.9,0.0,0.0,-0.5,-0.5,full_base_calibration
gist1m,zk-opt,skewed_acl,0.1,10,10,1000000,960,True,100000,0.1,0.0,0.5,0.5,1.0,0.25,0.030000000000000006,0.0,-0.5,full_base_calibration
gist1m,zk-opt,skewed_acl,0.1,100,10,1000000,960,True,100000,0.1,0.5,0.5,0.5,1.0,0.06300000000000001,0.06300000000000001,0.0,0.0,full_base_calibration
gist1m,zk-opt,skewed_acl,0.25,1,10,1000000,960,True,250000,0.25,0.0,0.0,0.6,0.8,0.0,0.0,-0.6,-0.6,full_base_calibration
gist1m,zk-opt,skewed_acl,0.25,10,10,1000000,960,True,250000,0.25,0.0,0.5,0.6,1.0,0.17,0.06,-0.09999999999999998,-0.6,full_base_calibration
gist1m,zk-opt,skewed_acl,0.25,100,10,1000000,960,True,250000,0.25,0.5,0.5,0.6,1.0,0.09100000000000001,0.09100000000000001,-0.09999999999999998,-0.09999999999999998,full_base_calibration
gist1m,zk-opt,skewed_acl,0.5,1,10,1000000,960,True,500000,0.5,0.0,0.0,0.5,0.6,0.0,0.0,-0.5,-0.5,full_base_calibration
gist1m,zk-opt,skewed_acl,0.5,10,10,1000000,960,True,500000,0.5,0.0,0.5,0.5,1.0,0.11000000000000001,0.04,0.0,-0.5,full_base_calibration
gist1m,zk-opt,skewed_acl,0.5,100,10,1000000,960,True,500000,0.5,0.5,0.5,0.5,1.0,0.099,0.099,0.0,0.0,full_base_calibration
gist1m,zk-opt,skewed_acl,0.75,1,15,1000000,960,True,750000,0.75,0.0,0.0,0.8,0.13333333333333333,0.0,0.0,-0.8,-0.8,full_base_calibration
gist1m,zk-opt,skewed_acl,0.75,10,15,1000000,960,True,750000,0.75,0.0,0.3333333333333333,0.8,0.6666666666666666,0.06666666666666667,0.03333333333333333,-0.46666666666666673,-0.8,full_base_calibration
gist1m,zk-opt,skewed_acl,0.75,100,15,1000000,960,True,750000,0.75,0.4,0.4,0.8,1.0,0.152,0.152,-0.4,-0.4,full_base_calibration
